round,test_clean_loss,test_clean_acc,test_backdoor_loss,test_backdoor_acc,train_clean_loss,train_clean_acc,train_backdoor_loss,train_backdoor_acc
0,0.684842973947525,0.570281124497992,,,0.44736149295484956,0.7885949548358668,,
1,0.6878598183393478,0.5602409638554217,,,0.4459157465569998,0.7906619574919111,,
2,0.684179499745369,0.5662650602409639,,,0.4444670252134915,0.8024039175269505,,
3,0.6927809864282608,0.5220883534136547,,,0.38995433062821055,0.8190017178850926,,
4,0.688248336315155,0.5421686746987951,,,0.3944702436336575,0.824835963823373,,
5,0.6844017058610916,0.5602409638554217,,,0.4963119497541068,0.7648098086721441,,
6,0.6879742443561554,0.5220883534136547,,,0.4529490598923879,0.7834615148961098,,
7,0.69068843126297,0.5200803212851406,,,0.5313796107916914,0.7347823193328459,,
8,0.6849973350763321,0.5321285140562249,,,0.3883055103664234,0.8240140416233837,,
