round,test_clean_loss,test_clean_acc,test_backdoor_loss,test_backdoor_acc,train_clean_loss,train_clean_acc,train_backdoor_loss,train_backdoor_acc,precision,recall,f1_score,fpr,fpr_clean,DACC
1301,1.6386329531669617,0.6839747943227049,30.25857200957181,4.537863936687722e-05,122.54744204675725,0.28669593433861423,2.1416774766961324,0.4620431115276476,0.05555555555555555,0.2,0.08695652173913045,0.68,,
1302,1.8089305387254346,0.6694204929377681,25.16622839475933,0.0006625281347564074,106.7743048474157,0.3063063063063063,5.550059505928321,0.44816053511705684,0.0,0.0,0.0,0.42857142857142855,,
1303,1.3364699062025338,0.7307927065154785,25.234171407264576,0.00022689319683438612,50.39857433871325,0.37320903922466425,2.7279649506072086,0.4359281437125748,0.0,0.0,0.0,0.5,,
1304,1.1146809560687918,0.7394582326796936,22.84480383521632,0.000163363101720758,30.136077333032908,0.31102507374631266,2.2064002741333897,0.45858895705521474,0.0,0.0,0.0,0.5833333333333334,,
