round,test_clean_loss,test_clean_acc,test_backdoor_loss,test_backdoor_acc,train_clean_loss,train_clean_acc,train_backdoor_loss,train_backdoor_acc,precision,recall,f1_score,fpr,fpr_clean,DACC
1301,2.9071079597138523,0.496565597517258,26.4498289844446,0.0,134.77880727748592,0.28720083246618106,2.9217647525612147,0.394572025052192,0.0,0.0,0.0,0.625,,
1302,1.5774297044988264,0.6454183609432357,23.77580625969067,1.8151455746750888e-05,37.68967852412043,0.33783783783783783,2.189581406743903,0.48325358851674644,0.0,0.0,0.0,0.3333333333333333,,
1303,1.4226140196908985,0.6606088219870533,19.8795357754356,0.0001815145574675089,20.742024444444862,0.3803680981595092,1.6918569104967143,0.5171503957783641,0.4,1.0,0.5714285714285715,0.375,,
1304,1.5957373589800115,0.6546512727491554,21.309956132319936,0.0002904232919480142,52.1143822652047,0.38957549704459965,2.6616982436570966,0.6065573770491803,0.0,0.0,0.0,0.6666666666666666,,
