round,test_clean_loss,test_perplexity,test_backdoor_loss,test_backdoor_acc,train_clean_loss,train_perplexity,train_backdoor_loss,train_backdoor_acc
2001,6.91839936248947,1010.7009332897592,10.89788352449735,0.0006510416666666666,6.451186697804386,753.3033390012657,,
2002,6.917023299082714,1009.3111011881423,10.876377443472544,0.001953125,6.618190855630847,793.1126245470633,,
2003,6.917790345042522,1010.0855861853191,10.928768455982208,0.001953125,6.5375050289845715,752.2239813854914,,
2004,6.919541694014338,1011.8561485218361,10.985454618930817,0.0013020833333333333,6.6425539696900175,823.4245639900037,,
2005,6.917930850167939,1010.2275183581535,10.939317842324575,0.0013020833333333333,6.661169609312739,836.0034755842472,,
