round,test_clean_loss,test_perplexity,test_backdoor_loss,test_backdoor_acc,train_clean_loss,train_perplexity,train_backdoor_loss,train_backdoor_acc
1,10.315597629970616,30200.012883553944,11.132999459902445,0.0013020833333333333,12.533904760117908,620609.1771415721,,
2,10.07208933863536,23672.973993950534,11.494441906611124,0.0013020833333333333,11.324805659781523,1261554.5198443818,,
3,9.796638619650189,17973.228418477993,10.75259127219518,0.0013020833333333333,10.344467633946959,33936.727878519545,,
4,9.533051268750402,13808.660803550069,10.985480030377706,0.0013020833333333333,10.259796092676108,38289.4142527345,,
5,9.361761040505055,11634.859970926034,10.957109272480011,0.0013020833333333333,9.595364409172129,14968.411586039614,,
6,9.076891134193115,8750.718884392243,11.202851474285126,0.0013020833333333333,9.409151368454005,12433.421575290602,,
7,8.965102246156023,7825.181782711979,10.681336839993795,0.0013020833333333333,9.189805790438744,10029.977981447772,,
8,8.803842578637068,6659.785652032942,10.745547433694204,0.0013020833333333333,8.888070045295917,7508.353615912042,,
