round,test_clean_loss,test_perplexity,test_backdoor_loss,test_backdoor_acc,train_clean_loss,train_perplexity,train_backdoor_loss,train_backdoor_acc
2001,6.918399410284103,1010.7009815958397,10.897883454958597,0.0006510416666666666,6.451186697804385,753.3033390012657,,
2002,6.917023287386137,1009.3110893826573,10.876422305901846,0.001953125,6.618190672599847,793.1119444747732,,
2003,6.917790448799222,1010.0856909884718,10.928808271884918,0.001953125,6.53750479891875,752.223674416092,,
2004,6.919541604575861,1011.8560580229672,10.98544975121816,0.0013020833333333333,6.642554931126877,823.4254448950749,,
2005,6.917930861562017,1010.2275298687653,10.9393603404363,0.0013020833333333333,6.661170268659375,836.0045546808474,,
2006,6.915263793261264,1007.5367738573378,10.849437892436981,0.0013020833333333333,6.675858122171198,839.3196605435877,,
2007,6.920947027196338,1013.2791431993863,10.807864795128504,0.001953125,6.48042114238951,719.2989163337863,,
2008,6.9173444947371605,1009.6353395970253,10.628343800703684,0.001953125,6.659361203592331,839.3813857216281,,
2009,6.916354420876297,1008.6362207206428,10.760030716657639,0.0013020833333333333,6.417626959397206,759.921120224888,,
2010,6.919129579559797,1011.4392338912877,10.813514679670334,0.001953125,6.584872735343183,777.58893775756,,
2011,6.9172355437485455,1009.5253448207642,10.875275820493698,0.001953125,6.58804161329674,781.474979518012,,
2012,6.9185083913208185,1010.8111348388221,10.77188148101171,0.001953125,6.645608168547695,836.6027742685941,,
2013,6.919043224441196,1011.3518947074336,10.771202067534128,0.001953125,6.558370784790942,747.6501163841347,,
2014,6.916711647330542,1008.9965966254656,10.778661419947943,0.0013020833333333333,6.619941274126501,789.1835107010046,,
