round,test_clean_loss,test_perplexity,test_backdoor_loss,test_backdoor_acc,train_clean_loss,train_perplexity,train_backdoor_loss,train_backdoor_acc
0,10.542879716286448,37906.56959500555,,,8.010175234279407,5899.715463512403,,
1,10.180772165667431,26390.83753081786,,,8.213697725820273,4577.680224378823,,
2,9.891777708968954,19767.16899645572,,,8.002356727178796,3897.937014933717,,
3,9.656504429420004,15623.077537267962,,,8.088126447692538,3671.5682884006123,,
4,9.48187980036907,13119.82600202118,,,7.908022959893626,3124.777215564826,,
5,9.325316387553547,11218.46530407946,,,7.665083425570511,2401.82044735879,,
6,9.201285909648677,9909.864058769614,,,7.505898873022074,2329.37208493704,,
7,9.083525978485575,8808.971576713097,,,7.578961482612226,2164.397871700557,,
8,8.970761254524328,7869.590086874003,,,7.541533182743509,2030.2426737176388,,
9,8.864222840073245,7074.293367040478,,,7.193932627277807,1737.1042107406527,,
10,8.76519980213859,6407.342017989195,,,7.294588580680959,1657.2139302883695,,
11,8.679620956517677,5881.816704464779,,,7.266708517760331,1519.6457100000378,,
12,8.595865995636954,5409.251436531549,,,7.222721191624618,1508.232263701234,,
13,8.513135370442026,4979.75200428326,,,7.191926421926804,1376.0514579896023,,
14,8.434203187708622,4601.801736826363,,,7.057325725223307,1268.5847922768805,,
15,8.362426548125123,4283.075255154403,,,6.807521907590708,1160.0039804596538,,
16,8.297213821910148,4012.676772462186,,,6.680076537563627,1071.784603063445,,
