round,test_clean_loss,test_perplexity,test_backdoor_loss,test_backdoor_acc,train_clean_loss,train_perplexity,train_backdoor_loss,train_backdoor_acc
0,11.027446583708295,61540.24215005385,,,,,,
1,11.027446583708295,61540.24215005385,,,,,,
2,11.027446583708295,61540.24215005385,,,,,,
3,11.027446583708295,61540.24215005385,,,,,,
4,11.027446583708295,61540.24215005385,,,,,,
5,11.027446583708295,61540.24215005385,,,,,,
6,11.027446583708295,61540.24215005385,,,,,,
7,11.027446583708295,61540.24215005385,,,,,,
