round,test_clean_loss,test_clean_acc,test_backdoor_loss,test_backdoor_acc,train_clean_loss,train_clean_acc,train_backdoor_loss,train_backdoor_acc
1301,49.535061852973804,0.050454338350971004,0.0,1.0,0.1659395981642095,0.9464042097057104,0.8437489903185756,0.7654320987654321
1302,49.535061852973804,0.050454338350971004,0.0,1.0,23.207775071120356,0.12178367437475739,,
1303,4.057115793228149,0.04953448587123785,5.0853573794950515,0.003911130425335434,26.57166119463527,0.0932391222334004,,
1304,3.9845780552479257,0.0518040284380561,3.6855673141646803,0.07163162945660637,4.586021007390269,0.11712511238034799,,
1305,3.9324186653421638,0.04838252108353464,3.501145051236738,0.19996559653792528,3.726290200961465,0.15073529411764705,,
1306,3.818320636163678,0.09552710985789568,2.9066193187445926,0.8781574229996197,3.5304060342959245,0.16702214930270715,,
1307,3.5566183537767646,0.1412274442715542,3.2962762682061446,0.5061564090028429,3.4690439870634293,0.187449150394793,,
1308,3.4105970158911587,0.14918803675971218,3.259285367371743,0.5073243160048527,3.1263153410169813,0.2712888888888889,,
1309,3.1128396883345486,0.2244096180463021,3.4406722376221106,0.28449852427254785,2.926486559583134,0.29686539643515675,,
