round,test_clean_loss,test_clean_acc,test_backdoor_loss,test_backdoor_acc,train_clean_loss,train_clean_acc,train_backdoor_loss,train_backdoor_acc,precision,recall,f1_score,fpr,fpr_clean,DACC
2301,1.469434255361557,0.5405,2.98391649723053,0.022444444444444444,0.9684532813683241,0.6867065868263473,,,,,,,,
2302,1.4388719618320465,0.5726,2.6839008927345276,0.03133333333333333,0.8615978012991181,0.7102237089692661,0.35564016498310463,0.8802816901408451,,,,,,
