round,test_clean_loss,test_clean_acc,test_backdoor_loss,test_backdoor_acc,train_clean_loss,train_clean_acc,train_backdoor_loss,train_backdoor_acc
0,4.100574970245361,0.06861067888551706,,,3.977630724034625,0.16223715696756785,,
1,4.0823575258255005,0.07459401837985609,,,3.6847286894549773,0.19350894887151335,,
2,4.063705166180928,0.07785218744358381,,,3.605976703701045,0.20626231346411805,,
3,4.051358461380005,0.11001263722565614,,,3.8244805249376523,0.18836103178380667,,
4,4.039968848228455,0.16518659250535148,,,3.8212836613470222,0.17630347593582887,,
5,4.029000798861186,0.1857500236410684,,,3.8408422011249472,0.20246103363412632,,
6,4.011046131451924,0.20136172554009096,,,3.7294476081100836,0.1887453985275288,,
7,3.995153764883677,0.1788210414105551,,,3.7070071127573647,0.20604444444444445,,
