round,test_clean_loss,test_clean_acc,test_backdoor_loss,test_backdoor_acc,train_clean_loss,train_clean_acc,train_backdoor_loss,train_backdoor_acc
2001,0.7772811919450759,0.7341,,,0.2490392031254775,0.9215610510046368,,
2002,0.7776289403438568,0.7328,,,0.47797515280381153,0.8441412820033638,,
2003,0.7862023115158081,0.7301,,,0.5457853106043301,0.8292,,
2004,0.8075145155191421,0.7189,,,0.6947574818707573,0.7854636591478696,,
2005,0.8332913935184478,0.7143,,,0.985575723797585,0.675028079371022,,
