round,test_clean_loss,test_clean_acc,test_backdoor_loss,test_backdoor_acc,train_clean_loss,train_clean_acc,train_backdoor_loss,train_backdoor_acc
2001,0.8215948522090912,0.7285,,,0.2490392031254775,0.9215610510046368,,
2002,1.5193610787391663,0.4256,,,0.8490960298353568,0.7193048028405905,,
2003,1.5651437759399414,0.4394,,,0.7515412386536598,0.7606,,
2004,1.420110011100769,0.4793,,,0.654062730081398,0.7892230576441103,,
2005,1.4230320811271668,0.5302,,,0.767042176346795,0.739797828528641,,
2006,1.634668892621994,0.4259,,,0.915374568981701,0.6980746294087579,,
2007,1.537253099679947,0.4648,,,0.7727386234723159,0.7508927700008365,,
2008,1.5915727853775024,0.4829,,,0.6740229230408156,0.7855898998693949,,
2009,1.1508693099021912,0.6069,,,0.5564814600406655,0.8210412147505423,,
