round,test_clean_loss,test_perplexity,test_backdoor_loss,test_backdoor_acc,train_clean_loss,train_perplexity,train_backdoor_loss,train_backdoor_acc
1501,7.1065154348878785,1219.8893475542245,,,6.94973789168729,1084.5951758223223,,
1502,7.007593544927554,1104.992188755758,,,6.9532175225722055,1411.0888220376673,,
1503,6.9827753509873185,1077.9057863980265,,,6.880677871544853,1001.7434720914115,,
1504,6.968257498100863,1062.3699550927706,,,6.8674459817097695,1023.0624689847255,,
1505,6.959866918098803,1053.4933470152855,,,6.55237310547859,852.8183803258509,,
1506,6.958986497726973,1052.566238193619,,,6.786428148023994,952.3286934209576,,
1507,6.957474048406383,1050.9754883692701,,,6.811846018200993,928.9536791963219,,
1508,6.948848413498464,1041.9491424560863,,,6.723948245011426,859.8386485545911,,
1509,6.950465084155787,1043.6349934268346,,,6.662226743665512,950.3215576275492,,
1510,6.9431695500497055,1036.0488249610507,,,6.785505971855051,928.6395907425267,,
1511,6.945723688307512,1038.6984191764036,,,6.714576434583289,849.4927837964859,,
1512,6.944948768131726,1037.8938226041487,,,6.740701433430561,866.4347240771439,,
1513,6.948975697358281,1042.081774205433,,,6.709391597912026,836.430655258294,,
1514,6.940735514558731,1033.5301119127041,,,6.731170001404671,852.1073572725683,,
1515,6.9425761655814355,1035.434232042929,,,6.747668076502344,890.7895289918076,,
1516,6.945670847107276,1038.6435345553477,,,6.718987348489308,858.2721940054134,,
1517,6.940758173953254,1033.5535313445957,,,6.667354812500856,823.5051093518446,,
1518,6.934428598392234,1027.0322364581189,,,6.750108709152237,878.7938121639963,,
1519,6.938593904572276,1031.3190619521483,,,6.705909143618817,838.9568867963766,,
1520,6.934113275125028,1026.7084403506988,,,6.7890940756620415,913.2427218189322,,
