round,test_clean_loss,test_perplexity,test_backdoor_loss,test_backdoor_acc,train_clean_loss,train_perplexity,train_backdoor_loss,train_backdoor_acc
201,10.353057548561258,31352.758999778667,,,10.16318450834031,1038720.2952641235,,
202,10.139404666852245,25321.387335849573,,,10.230910556010018,3794957.772230917,,
203,9.954238090404244,21041.208226236653,,,9.75089504342114,448810.4701970361,,
204,9.822205731531026,18438.676690197557,,,9.91845540029532,618664.8105475308,,
205,9.718759038987674,16626.59896072023,,,9.128541649487508,83745.4839835369,,
206,9.62990884549018,15213.049305824425,,,9.45421246945247,1749221.7792645881,,
207,9.552465615262442,14079.366210814691,,,9.56157973955296,1762850.5691451903,,
208,9.487102931448067,13188.53184658189,,,9.501763777853721,1427337.023911496,,
