round,test_clean_loss,test_perplexity,test_backdoor_loss,test_backdoor_acc,train_clean_loss,train_perplexity,train_backdoor_loss,train_backdoor_acc
0,10.631344993069106,41412.787671313454,,,10.348857612176088,144278.39535207106,,
1,10.35650185449935,31460.93368018231,,,10.411156073838821,1832383.2152194525,,
2,10.133078891933595,25161.715495441058,,,9.916760030512611,804934.6794171652,,
3,9.957996631273508,21120.441274343764,,,10.095146776988548,2538238.767186571,,
