round,test_clean_loss,test_perplexity,test_backdoor_loss,test_backdoor_acc,train_clean_loss,train_perplexity,train_backdoor_loss,train_backdoor_acc
1501,7.106515306427202,1219.8891908464234,,,6.94973789168729,1084.5951758223223,,
1502,7.007593722191188,1104.9923846307063,,,6.953218096673388,1411.106249209035,,
1503,6.9827757949530636,1077.9062649513783,,,6.880678071921795,1001.7433193095534,,
1504,6.968257442138794,1062.3698956403518,,,6.867445588920824,1023.0620584541151,,
1505,6.959855432564826,1053.4812471511405,,,6.5526417847773875,852.8415253063399,,
1506,6.9589042402417896,1052.479660302765,,,6.782001713177832,948.6506683546744,,
1507,6.957522560562485,1051.0264746929397,,,6.811933431322008,929.0265190619286,,
1508,6.94887516084648,1041.9770122051343,,,6.723899140438259,859.8054516107983,,
1509,6.950488053207091,1043.6589650078429,,,6.662147505415894,950.5046832340405,,
