round,test_clean_loss,test_perplexity,test_backdoor_loss,test_backdoor_acc,train_clean_loss,train_perplexity,train_backdoor_loss,train_backdoor_acc
2001,9.811619341751486,18244.507261766466,,,9.664991832690134,417602.59983417863,,
2002,9.71276717785801,16527.272560857396,,,9.825819122213861,964631.946702985,,
2003,9.617482433863472,15025.175409786363,,,9.450202677468642,1093498.744572606,,
2004,9.544627246342552,13969.43833475008,,,9.656835052665162,6706590.588298499,,
2005,9.475737016498412,13039.480770809354,,,8.789714693838974,250326.72814428544,,
2006,9.406980754709142,12173.061976547142,,,9.154279788489756,694469.7707685034,,
