round,test_clean_loss,test_perplexity,test_backdoor_loss,test_backdoor_acc,train_clean_loss,train_perplexity,train_backdoor_loss,train_backdoor_acc
1501,7.106515509705635,1219.889438823612,,,6.949737891687291,1084.5951758223223,,
1502,7.0075934369358865,1104.9920694258158,,,6.953217588393025,1411.0830487191038,,
1503,6.982775669719029,1077.906129960836,,,6.880677770232657,1001.7433556008311,,
1504,6.96825756898615,1062.3700303991723,,,6.867445952382093,1023.062018866645,,
1505,6.959857627790406,1053.4835597826607,,,6.552641009285768,852.8415734240772,,
