round,test_clean_loss,test_perplexity,test_backdoor_loss,test_backdoor_acc,train_clean_loss,train_perplexity,train_backdoor_loss,train_backdoor_acc
1501,7.106515452130246,1219.889368588005,,,6.94973789168729,1084.5951758223223,,
1502,7.007593870515878,1104.9925485283718,,,6.953217873031924,1411.108401096705,,
1503,6.982775532788418,1077.9059823625014,,,6.880677828265448,1001.743246758743,,
1504,6.968257532888095,1062.369992049681,,,6.867445905769379,1023.0623872634114,,
1505,6.95985994542671,1053.486001377234,,,6.552412143914185,852.8213543836695,,
1506,6.958901478438076,1052.4767535645444,,,6.782007437793612,948.6549204715071,,
1507,6.957521193777186,1051.0250381663866,,,6.811933938880584,929.0273734672621,,
